producto_id,stock_disponible,stock_reservado
1,45,8
2,387,7
3,328,4
4,220,6
5,217,4
6,430,3
7,43,4
8,349,3
9,101,8
10,48,4
11,264,3
12,488,5
13,368,8
14,381,3
15,359,10
16,394,5
17,257,7
18,65,10
19,420,4
20,226,2
21,251,8
22,186,0
23,92,5
24,464,10
25,391,4
26,0,0
27,202,5
28,412,2
29,273,3
30,222,5
31,226,1
32,114,4
33,47,4
34,278,9
35,444,1
36,32,9
37,430,4
38,414,7
39,139,6
40,316,3
41,83,10
42,380,2
43,351,0
44,178,8
45,34,6
46,486,9
47,223,5
48,447,0
49,339,0
50,390,4
51,380,2
52,98,10
53,182,1
54,234,9
55,249,2
56,22,1
57,274,3
58,78,1
59,372,4
60,342,3
61,462,5
62,373,5
63,0,0
64,484,1
65,206,1
66,163,2
67,453,1
68,186,3
69,39,6
70,235,3
71,398,3
72,95,5
73,232,6
74,65,3
75,344,2
76,238,4
77,166,0
78,114,5
79,283,10
80,335,4
81,471,1
82,219,7
83,81,1
84,417,2
85,315,1
86,351,9
87,49,10
88,157,6
89,384,6
90,417,7
91,218,6
92,403,5
93,421,10
94,194,8
95,450,0
96,145,4
97,120,10
98,342,4
99,319,2
100,70,9
101,417,6
102,100,6
103,403,4
104,4,1
105,399,4
106,394,4
107,391,10
108,333,3
109,236,1
110,353,4
111,139,10
112,391,5
113,0,0
114,230,7
115,253,7
116,285,3
117,19,10
118,70,6
119,123,0
120,58,4
121,220,10
122,335,4
123,328,6
124,236,6
125,428,7
126,283,9
127,40,1
128,0,0
129,288,5
130,318,1
131,283,7
132,277,1
133,46,5
134,280,3
135,398,1
136,152,9
137,302,2
138,16,2
139,174,9
140,219,9
141,492,0
142,108,3
143,139,7
144,205,8
145,497,10
146,427,6
147,18,0
148,117,9
149,411,1
150,30,1
151,428,7
152,141,6
153,459,0
154,0,0
155,218,6
156,331,2
157,0,0
158,279,4
159,253,6
160,392,5
161,499,4
162,333,3
163,205,7
164,204,5
165,209,6
166,0,0
167,161,2
168,84,10
169,168,6
170,12,7
171,54,9
172,46,10
173,386,7
174,362,8
175,349,5
176,231,8
177,359,3
178,81,7
179,451,0
180,251,10
181,470,2
182,77,7
183,249,0
184,349,1
185,248,10
186,224,9
187,84,2
188,191,1
189,120,8
190,151,10
191,342,1
192,316,7
193,304,3
194,181,8
195,480,4
196,44,1
197,172,3
198,60,5
199,170,8
200,481,0
201,184,10
202,455,7
203,248,9
204,350,10
205,229,1
206,133,1
207,383,8
208,485,2
209,132,1
210,390,5
211,131,10
212,359,8
213,395,5
214,225,2
215,369,3
216,137,7
217,40,1
218,49,5
219,224,0
220,452,3
221,64,2
222,228,7
223,353,10
224,102,1
225,361,8
226,153,7
227,405,10
228,290,10
229,274,1
230,89,8
231,232,6
232,429,1
233,10,2
234,380,10
235,247,5
236,360,3
237,332,3
238,217,9
239,155,3
240,314,1
241,71,6
242,293,10
243,48,2
244,325,2
245,315,5
246,43,2
247,379,7
248,208,2
249,394,1
250,21,2
251,90,10
252,247,10
253,95,5
254,165,4
255,331,9
256,73,2
257,0,0
258,52,7
259,88,7
260,294,2
261,397,7
262,86,6
263,150,9
264,463,1
265,495,6
266,291,9
267,224,3
268,174,8
269,307,1
270,296,7
271,148,6
272,12,2
273,76,0
274,480,8
275,210,2
276,242,5
277,234,0
278,392,10
279,33,6
280,42,10
281,138,1
282,244,2
283,336,6
284,246,6
285,221,8
286,469,10
287,81,9
288,286,1
289,272,3
290,237,10
291,404,6
292,134,9
293,477,6
294,166,0
295,273,5
296,261,9
297,425,7
298,220,1
299,0,0
300,11,9
301,182,10
302,414,8
303,5,1
304,449,6
305,272,9
306,71,7
307,152,6
308,278,5
309,158,2
310,55,3
311,0,0
312,337,0
313,60,0
314,141,4
315,122,8
316,330,7
317,366,6
318,364,5
319,470,1
320,385,3
321,161,0
322,54,8
323,308,8
324,459,2
325,488,3
326,116,3
327,119,9
328,19,5
329,71,8
330,278,4
331,274,7
332,186,5
333,155,3
334,415,9
335,231,7
336,405,8
337,0,0
338,159,2
339,0,0
340,0,0
341,318,3
342,146,4
343,311,2
344,258,4
345,453,4
346,128,3
347,496,8
348,469,6
349,91,5
350,83,1
351,267,6
352,23,1
353,150,3
354,218,4
355,485,1
356,0,0
357,76,2
358,446,9
359,46,9
360,375,0
361,423,6
362,446,7
363,112,4
364,447,5
365,58,8
366,260,4
367,235,0
368,158,4
369,12,2
370,387,4
371,168,2
372,331,1
373,206,10
374,187,1
375,444,7
376,48,7
377,369,6
378,374,10
379,190,0
380,132,3
381,0,0
382,469,6
383,474,6
384,121,9
385,16,4
386,62,2
387,34,10
388,416,7
389,446,8
390,77,4
391,374,4
392,90,4
393,184,8
394,300,2
395,360,10
396,438,1
397,23,5
398,99,3
399,141,7
400,156,7
401,500,10
402,389,8
403,161,2
404,486,2
405,250,9
406,251,5
407,217,1
408,72,9
409,468,7
410,7,0
411,88,8
412,115,6
413,0,0
414,66,9
415,9,5
416,339,5
417,485,6
418,61,2
419,149,1
420,254,9
421,464,2
422,348,5
423,384,2
424,291,2
425,209,6
426,100,8
427,433,4
428,403,1
429,0,0
430,358,1
431,43,9
432,370,3
433,413,4
434,66,0
435,217,4
436,62,10
437,284,4
438,0,0
439,41,2
440,199,1
441,487,8
442,0,0
443,67,4
444,245,3
445,255,0
446,332,5
447,157,10
448,478,0
449,261,8
450,144,5
451,481,7
452,463,1
453,250,9
454,13,0
455,299,9
456,278,7
457,75,3
458,317,0
459,421,6
460,53,0
461,362,6
462,71,8
463,375,2
464,210,2
465,4,2
466,484,2
467,83,1
468,299,2
469,91,7
470,467,3
471,370,8
472,403,9
473,217,8
474,234,5
475,318,3
476,393,10
477,424,2
478,9,5
479,332,4
480,55,8
481,144,6
482,415,8
483,126,10
484,399,4
485,232,9
486,117,1
487,168,10
488,266,1
489,383,9
490,304,4
491,467,10
492,434,1
493,377,5
494,302,9
495,145,0
496,207,2
497,60,0
498,188,3
499,464,4
500,213,6
501,57,2
502,326,1
503,482,1
504,434,10
505,0,0
506,227,2
507,266,2
508,124,0
509,135,10
510,119,7
511,498,8
512,374,3
513,421,7
514,409,0
515,480,7
516,53,6
517,441,3
518,34,7
519,238,7
520,298,4
521,179,2
522,74,0
523,97,10
524,413,3
525,160,3
526,156,7
527,462,2
528,72,4
529,458,7
530,461,6
531,300,7
532,83,0
533,78,4
534,143,5
535,289,6
536,0,0
537,228,1
538,58,8
539,271,7
540,11,8
541,355,2
542,28,10
543,98,3
544,88,7
545,416,1
546,27,10
547,215,3
548,296,8
549,258,3
550,341,8
551,402,4
552,197,0
553,415,2
554,159,7
555,493,2
556,253,3
557,369,5
558,438,2
559,397,1
560,426,6
561,269,7
562,22,8
563,247,10
564,91,1
565,445,4
566,119,2
567,115,9
568,125,5
569,322,1
570,286,7
571,475,0
572,209,3
573,142,7
574,25,5
575,4,8
576,187,6
577,463,9
578,262,6
579,447,0
580,51,0
581,47,8
582,417,0
583,54,4
584,26,0
585,203,3
586,463,6
587,345,1
588,50,5
589,419,10
590,422,0
591,401,0
592,452,2
593,120,9
594,490,4
595,161,7
596,402,0
597,290,8
598,390,0
599,314,7
600,322,1
601,309,9
602,390,3
603,370,2
604,68,3
605,414,0
606,269,1
607,162,6
608,258,3
609,484,3
610,429,8
611,417,1
612,232,4
613,393,2
614,0,0
615,344,3
616,320,0
617,125,0
618,134,9
619,31,0
620,0,0
621,217,10
622,239,5
623,83,3
624,209,8
625,303,10
626,117,1
627,170,10
628,184,10
629,253,1
630,184,0
631,369,7
632,164,0
633,217,6
634,190,0
635,92,7
636,343,2
637,118,1
638,149,0
639,397,2
640,475,5
641,336,0
642,459,8
643,428,6
644,241,3
645,386,10
646,165,7
647,231,7
648,268,1
649,481,7
650,425,6
651,245,10
652,327,5
653,102,7
654,403,3
655,277,0
656,267,1
657,384,9
658,317,8
659,37,4
660,145,7
661,89,0
662,368,0
663,18,5
664,102,6
665,299,10
666,348,8
667,252,2
668,431,8
669,460,5
670,67,9
671,477,1
672,308,0
673,0,0
674,48,10
675,311,0
676,363,10
677,291,7
678,43,1
679,262,9
680,468,1
681,362,1
682,69,6
683,480,3
684,480,3
685,85,2
686,401,6
687,204,0
688,297,2
689,223,6
690,392,5
691,499,7
692,398,2
693,466,7
694,474,8
695,46,4
696,127,2
697,361,6
698,296,6
699,26,1
700,48,6
701,261,1
702,309,6
703,84,10
704,86,5
705,65,8
706,283,3
707,4,10
708,287,8
709,238,10
710,233,8
711,340,7
712,262,5
713,364,10
714,382,9
715,0,0
716,400,0
717,259,0
718,247,2
719,118,0
720,300,2
721,70,1
722,0,0
723,423,1
724,60,6
725,393,3
726,59,1
727,361,7
728,44,10
729,245,8
730,329,10
731,365,6
732,210,7
733,461,1
734,388,9
735,105,8
736,336,2
737,366,3
738,167,6
739,370,0
740,450,8
741,409,3
742,382,0
743,318,3
744,136,9
745,398,3
746,0,0
747,267,8
748,158,0
749,157,8
750,79,3
751,481,7
752,74,2
753,44,1
754,469,8
755,278,8
756,219,10
757,369,7
758,192,5
759,64,2
760,365,3
761,88,7
762,277,3
763,475,5
764,469,1
765,181,4
766,391,2
767,307,1
768,240,1
769,70,5
770,189,4
771,326,1
772,494,5
773,3,1
774,359,0
775,424,1
776,476,4
777,212,10
778,60,2
779,136,3
780,426,2
781,439,3
782,319,7
783,62,3
784,0,0
785,240,9
786,295,10
787,17,6
788,344,7
789,273,10
790,7,8
791,48,3
792,228,1
793,362,1
794,413,9
795,216,6
796,148,3
797,485,3
798,230,3
799,158,8
800,222,6
801,7,9
802,151,3
803,258,5
804,460,1
805,370,10
806,391,5
807,273,6
808,56,4
809,196,2
810,499,10
811,23,5
812,440,7
813,343,0
814,142,3
815,389,8
816,419,0
817,22,1
818,54,8
819,333,3
820,500,3
821,12,6
822,333,2
823,69,0
824,326,0
825,312,0
826,46,1
827,341,7
828,449,3
829,432,0
830,15,0
831,123,5
832,121,9
833,227,3
834,72,0
835,428,2
836,389,5
837,405,2
838,100,10
839,8,8
840,456,3
841,145,10
842,329,3
843,455,1
844,19,10
845,3,10
846,3,3
847,79,6
848,26,1
849,410,7
850,303,7
851,0,0
852,0,0
853,482,7
854,120,6
855,144,9
856,425,1
857,0,0
858,29,4
859,335,5
860,401,1
861,485,3
862,464,10
863,61,1
864,387,6
865,424,7
866,350,5
867,410,0
868,419,0
869,224,3
870,21,1
871,229,1
872,101,1
873,57,2
874,63,9
875,0,0
876,253,0
877,270,6
878,373,1
879,275,4
880,0,0
881,44,0
882,426,1
883,225,4
884,78,5
885,407,3
886,368,6
887,27,7
888,97,8
889,8,6
890,136,6
891,50,5
892,355,2
893,262,5
894,491,0
895,0,0
896,306,4
897,255,8
898,28,10
899,36,5
900,309,9
901,3,5
902,22,1
903,110,0
904,443,1
905,230,10
906,355,5
907,206,3
908,87,4
909,186,2
910,46,9
911,386,10
912,92,0
913,189,7
914,491,3
915,296,0
916,230,10
917,272,0
918,393,2
919,128,0
920,0,0
921,437,6
922,287,3
923,224,0
924,73,1
925,125,10
926,474,8
927,0,0
928,151,5
929,0,0
930,290,8
931,269,6
932,350,4
933,129,3
934,325,5
935,222,0
936,471,2
937,79,8
938,75,9
939,231,1
940,255,1
941,346,0
942,203,8
943,457,3
944,238,3
945,65,0
946,60,10
947,487,4
948,68,8
949,474,7
950,140,1
951,47,8
952,153,6
953,308,6
954,214,2
955,393,9
956,306,10
957,201,4
958,318,1
959,486,9
960,206,9
961,77,5
962,205,6
963,421,2
964,109,0
965,475,10
966,295,5
967,301,3
968,159,7
969,461,0
970,19,0
971,150,2
972,210,4
973,239,4
974,238,2
975,74,3
976,113,3
977,48,5
978,287,6
979,176,9
980,283,8
981,295,3
982,352,9
983,0,0
984,324,2
985,294,3
986,327,8
987,309,9
988,159,4
989,124,1
990,394,2
991,172,1
992,275,7
993,99,5
994,216,4
995,265,7
996,314,9
997,0,0
998,181,1
999,481,6
1000,257,9
1001,405,8
1002,369,3
1003,280,4
1004,444,9
1005,65,0
1006,461,5
1007,426,1
1008,252,9
1009,367,0
1010,261,0
1011,135,3
1012,400,2
1013,123,5
1014,158,3
1015,260,3
1016,419,6
1017,192,6
1018,248,10
1019,21,5
1020,58,6
1021,28,7
1022,37,1
1023,435,7
1024,421,9
1025,411,3
1026,28,1
1027,39,3
1028,141,3
1029,283,6
1030,168,9
1031,244,6
1032,87,1
1033,366,3
1034,157,7
1035,34,3
1036,372,6
1037,452,7
1038,8,3
1039,219,7
1040,414,4
1041,354,1
1042,429,4
1043,208,4
1044,187,0
1045,355,9
1046,77,5
1047,120,0
1048,301,9
1049,335,9
1050,0,0
1051,255,1
1052,183,4
1053,251,5
1054,480,7
1055,0,0
1056,498,6
1057,225,0
1058,387,7
1059,213,10
1060,156,5
1061,386,5
1062,344,3
1063,73,10
1064,353,0
1065,377,3
1066,194,1
1067,463,9
1068,321,5
1069,167,10
1070,6,7
1071,338,6
1072,105,5
1073,379,2
1074,263,6
1075,234,7
1076,82,10
1077,356,6
1078,83,10
1079,209,10
1080,419,5
1081,461,4
1082,495,1
1083,480,2
1084,278,9
1085,101,1
1086,420,4
1087,401,7
1088,496,2
1089,326,10
1090,71,7
1091,252,0
1092,225,2
1093,422,8
1094,197,9
1095,165,10
1096,41,9
1097,418,0
1098,378,8
1099,21,1
1100,217,0
1101,240,7
1102,235,5
1103,460,7
1104,76,9
1105,154,0
1106,91,5
1107,123,9
1108,454,4
1109,471,5
1110,23,5
1111,317,9
1112,117,0
1113,97,9
1114,147,8
1115,98,8
1116,246,4
1117,498,5
1118,294,4
1119,362,2
1120,247,9
1121,7,5
1122,43,7
1123,135,1
1124,122,8
1125,421,7
1126,422,10
1127,428,1
1128,319,5
1129,279,5
1130,325,5
1131,204,0
1132,336,5
1133,398,3
1134,382,6
1135,307,2
1136,30,4
1137,363,6
1138,184,0
1139,0,0
1140,270,7
1141,441,0
1142,170,0
1143,0,0
1144,423,3
1145,166,9
1146,242,5
1147,266,3
1148,385,3
1149,345,7
1150,427,1
1151,185,4
1152,253,3
1153,0,0
1154,0,0
1155,153,5
1156,294,7
1157,61,0
1158,426,9
1159,193,9
1160,171,7
1161,292,10
1162,250,4
1163,424,9
1164,266,7
1165,259,6
1166,53,1
1167,11,6
1168,200,9
1169,500,10
1170,459,4
1171,315,2
1172,0,0
1173,196,0
1174,89,1
1175,5,6
1176,170,10
1177,159,3
1178,96,4
1179,130,3
1180,13,4
1181,304,0
1182,0,0
1183,346,6
1184,225,3
1185,211,2
1186,0,0
1187,72,2
1188,300,0
1189,284,0
1190,4,9
1191,208,4
1192,140,1
1193,86,9
1194,352,1
1195,263,3
1196,317,0
1197,357,7
1198,491,7
1199,402,8
1200,311,2
1201,440,3
1202,239,10
1203,493,9
1204,381,0
1205,326,7
1206,0,0
1207,0,0
1208,361,7
1209,143,0
1210,482,0
1211,312,0
1212,0,0
1213,231,10
1214,434,6
1215,38,8
1216,58,3
1217,254,10
1218,367,2
1219,405,9
1220,221,0
1221,325,0
1222,0,0
1223,481,8
1224,328,2
1225,209,4
1226,485,5
1227,54,8
1228,493,3
1229,78,0
1230,145,4
1231,411,3
1232,367,8
1233,486,8
1234,375,1
1235,319,8
1236,174,0
1237,3,6
1238,62,4
1239,149,3
1240,21,5
1241,255,3
1242,389,8
1243,482,10
1244,245,8
1245,438,4
1246,493,5
1247,0,0
1248,233,8
1249,163,6
1250,489,5
1251,121,4
1252,0,0
1253,38,6
1254,397,7
1255,325,4
1256,43,8
1257,111,9
1258,278,4
1259,271,9
1260,402,1
1261,134,10
1262,463,3
1263,223,6
1264,412,3
1265,120,4
1266,19,3
1267,28,7
1268,187,0
1269,477,9
1270,25,9
1271,185,6
1272,55,6
1273,466,7
1274,338,2
1275,382,8
1276,357,2
1277,329,7
1278,0,0
1279,5,8
1280,433,8
1281,370,2
1282,370,6
1283,197,5
1284,401,3
1285,191,6
1286,25,10
1287,454,0
1288,118,10
1289,51,9
1290,311,5
1291,0,0
1292,430,4
1293,222,1
1294,3,6
1295,476,8
1296,258,2
1297,132,7
1298,339,8
1299,266,8
1300,15,3
1301,380,4
1302,201,4
1303,350,9
1304,448,9
1305,306,4
1306,0,0
1307,128,6
1308,119,4
1309,208,0
1310,427,6
1311,263,7
1312,175,10
1313,390,7
1314,427,0
1315,452,6
1316,150,8
1317,355,5
1318,296,4
1319,225,8
1320,199,6
1321,58,7
1322,138,5
1323,275,3
1324,444,5
1325,434,10
1326,94,6
1327,340,7
1328,43,1
1329,338,10
1330,171,2
1331,225,10
1332,359,4
1333,0,0
1334,404,9
1335,267,8
1336,500,10
1337,320,6
1338,149,9
1339,388,1
1340,204,0
1341,268,5
1342,69,8
1343,60,8
1344,288,5
1345,94,5
1346,499,6
1347,428,9
1348,0,0
1349,368,1
1350,298,6
1351,31,4
1352,197,8
1353,248,5
1354,458,10
1355,110,4
1356,249,7
1357,173,1
1358,68,10
1359,52,1
1360,183,4
1361,42,9
1362,34,10
1363,176,5
1364,101,5
1365,278,0
1366,9,10
1367,151,0
1368,227,0
1369,482,5
1370,318,0
1371,441,1
1372,172,6
1373,225,7
1374,211,3
1375,444,8
1376,480,6
1377,482,2
1378,376,7
1379,252,6
1380,271,8
1381,491,1
1382,143,2
1383,174,3
1384,449,3
1385,194,9
1386,118,8
1387,281,5
1388,163,5
1389,446,9
1390,455,4
1391,154,2
1392,265,1
1393,492,3
1394,372,7
1395,0,0
1396,296,4
1397,310,5
1398,327,10
1399,13,10
1400,150,1
1401,428,1
1402,121,2
1403,150,9
1404,162,5
1405,89,9
1406,78,7
1407,174,6
1408,438,3
1409,1,3
1410,142,1
1411,31,5
1412,281,3
1413,126,3
1414,396,0
1415,293,8
1416,392,10
1417,318,5
1418,220,5
1419,431,10
1420,239,5
1421,475,6
1422,498,4
1423,295,5
1424,338,5
1425,128,7
1426,408,6
1427,336,5
1428,452,0
1429,134,9
1430,394,9
1431,236,2
1432,93,3
1433,86,10
1434,282,3
1435,160,8
1436,51,8
1437,214,9
1438,327,0
1439,160,5
1440,478,6
1441,390,9
1442,257,2
1443,0,0
1444,217,1
1445,70,8
1446,18,10
1447,470,1
1448,480,2
1449,370,3
1450,52,9
1451,0,0
1452,21,3
1453,26,3
1454,124,6
1455,287,4
1456,33,1
1457,0,0
1458,228,4
1459,0,0
1460,259,8
1461,396,8
1462,157,1
1463,24,0
1464,26,0
1465,0,0
1466,56,6
1467,318,8
1468,193,6
1469,389,4
1470,31,6
1471,449,7
1472,350,4
1473,225,10
1474,104,9
1475,489,8
1476,152,10
1477,246,4
1478,198,1
1479,116,5
1480,209,8
1481,76,8
1482,1,4
1483,145,3
1484,57,4
1485,208,8
1486,432,0
1487,82,3
1488,1,2
1489,56,8
1490,255,5
1491,0,0
1492,245,2
1493,15,0
1494,167,5
1495,206,10
1496,216,6
1497,276,9
1498,391,8
1499,234,9
1500,421,3
1501,265,10
1502,0,0
1503,115,4
1504,162,7
1505,299,3
1506,122,2
1507,458,1
1508,240,0
1509,432,5
1510,342,10
1511,167,2
1512,115,4
1513,372,10
1514,166,8
1515,124,0
1516,466,5
1517,242,1
1518,25,2
1519,248,2
1520,231,6
1521,432,2
1522,356,2
1523,96,2
1524,76,3
1525,302,7
1526,24,4
1527,160,3
1528,70,5
1529,11,6
1530,460,0
1531,45,9
1532,5,10
1533,467,6
1534,0,0
1535,409,7
1536,16,4
1537,77,4
1538,56,3
1539,354,1
1540,311,9
1541,238,3
1542,121,3
1543,45,10
1544,285,5
1545,116,6
1546,296,2
1547,344,3
1548,0,0
1549,247,4
1550,3,1
1551,141,9
1552,427,4
1553,267,7
1554,0,0
1555,229,6
1556,82,8
1557,449,9
1558,387,2
1559,498,7
1560,428,10
1561,146,7
1562,128,1
1563,125,2
1564,460,2
1565,279,1
1566,228,8
1567,485,10
1568,302,5
1569,455,6
1570,493,8
1571,40,4
1572,181,5
1573,368,6
1574,407,3
1575,0,0
1576,160,6
1577,275,9
1578,400,0
1579,57,2
1580,301,2
1581,149,8
1582,109,5
1583,258,5
1584,208,7
1585,318,3
1586,159,7
1587,412,0
1588,40,1
1589,431,8
1590,15,7
1591,368,1
1592,174,4
1593,192,0
1594,10,7
1595,0,0
1596,83,3
1597,330,3
1598,363,2
1599,423,4
1600,355,2
1601,151,2
1602,370,4
1603,413,9
1604,0,0
1605,63,3
1606,446,10
1607,74,2
1608,297,10
1609,119,3
1610,64,5
1611,389,2
1612,72,8
1613,336,3
1614,347,9
1615,31,0
1616,87,5
1617,398,1
1618,254,9
1619,61,4
1620,496,7
1621,133,9
1622,3,5
1623,463,0
1624,9,2
1625,277,2
1626,497,10
1627,289,9
1628,293,5
1629,195,9
1630,64,2
1631,287,7
1632,449,4
1633,46,2
1634,441,2
1635,208,4
1636,269,3
1637,83,2
1638,311,3
1639,92,1
1640,137,10
1641,361,4
1642,26,1
1643,224,6
1644,298,9
1645,67,3
1646,148,9
1647,172,6
1648,332,8
1649,489,3
1650,419,0
1651,95,3
1652,10,10
1653,26,8
1654,298,8
1655,79,9
1656,116,4
1657,424,3
1658,437,10
1659,420,6
1660,127,3
1661,310,3
1662,306,9
1663,93,0
1664,277,0
1665,263,8
1666,199,0
1667,376,1
1668,339,10
1669,267,4
1670,363,8
1671,382,5
1672,284,0
1673,134,2
1674,380,8
1675,359,1
1676,492,6
1677,75,3
1678,210,4
1679,463,10
1680,258,6
1681,472,6
1682,7,3
1683,18,4
1684,399,7
1685,180,0
1686,261,2
1687,215,6
1688,204,6
1689,470,1
1690,48,8
1691,387,5
1692,445,2
1693,329,8
1694,198,10
1695,81,4
1696,342,3
1697,235,3
1698,75,6
1699,180,0
1700,481,5
1701,133,0
1702,90,0
1703,341,4
1704,100,8
1705,460,9
1706,430,0
1707,492,2
1708,457,4
1709,0,0
1710,107,10
1711,172,7
1712,0,0
1713,440,0
1714,367,0
1715,323,1
1716,440,7
1717,323,3
1718,190,2
1719,207,7
1720,259,8
1721,45,4
1722,371,9
1723,0,0
1724,366,7
1725,267,9
1726,0,0
1727,475,8
1728,285,10
1729,223,10
1730,53,6
1731,390,8
1732,452,9
1733,350,9
1734,433,9
1735,431,9
1736,400,4
1737,252,8
1738,50,4
1739,2,8
1740,103,8
1741,216,10
1742,0,0
1743,0,0
1744,12,1
1745,106,7
1746,490,6
1747,495,5
1748,189,7
1749,0,0
1750,360,1
1751,0,0
1752,444,7
1753,315,9
1754,198,8
1755,314,8
1756,160,9
1757,175,10
1758,305,6
1759,286,2
1760,291,6
1761,193,7
1762,205,1
1763,6,8
1764,301,5
1765,288,10
1766,468,2
1767,253,9
1768,234,4
1769,34,6
1770,99,7
1771,170,6
1772,189,9
1773,182,1
1774,198,8
1775,385,10
1776,66,2
1777,167,2
1778,82,5
1779,154,7
1780,343,10
1781,24,8
1782,170,8
1783,12,4
1784,478,7
1785,364,2
1786,122,5
1787,100,2
1788,50,0
1789,237,9
1790,377,8
1791,293,5
1792,441,0
1793,172,0
1794,140,1
1795,240,7
1796,102,2
1797,488,2
1798,93,9
1799,240,9
1800,262,8
1801,29,3
1802,235,6
1803,228,2
1804,130,9
1805,64,0
1806,23,8
1807,5,5
1808,241,8
1809,45,4
1810,480,1
1811,123,8
1812,327,6
1813,337,5
1814,248,4
1815,442,3
1816,56,5
1817,118,2
1818,0,0
1819,68,3
1820,148,0
1821,157,10
1822,383,2
1823,151,1
1824,439,1
1825,387,10
1826,451,5
1827,53,3
1828,0,0
1829,307,0
1830,492,3
1831,178,2
1832,477,8
1833,295,0
1834,36,4
1835,206,8
1836,69,9
1837,471,5
1838,153,2
1839,112,3
1840,277,2
1841,213,7
1842,0,0
1843,409,6
1844,423,7
1845,372,10
1846,309,4
1847,202,10
1848,272,4
1849,261,7
1850,83,7
1851,41,8
1852,127,5
1853,228,8
1854,81,3
1855,54,5
1856,426,5
1857,188,7
1858,293,6
1859,263,0
1860,368,8
1861,370,8
1862,149,1
1863,424,10
1864,186,7
1865,418,0
1866,203,5
1867,56,9
1868,381,3
1869,16,10
1870,387,4
1871,22,2
1872,104,3
1873,302,5
1874,0,0
1875,205,10
1876,61,2
1877,117,10
1878,449,5
1879,364,1
1880,51,10
1881,193,3
1882,133,6
1883,89,7
1884,424,0
1885,309,2
1886,90,7
1887,326,3
1888,207,0
1889,31,0
1890,225,9
1891,93,1
1892,123,1
1893,440,6
1894,356,1
1895,68,7
1896,426,5
1897,0,0
1898,438,5
1899,374,8
1900,170,7
1901,268,4
1902,266,0
1903,360,3
1904,125,1
1905,167,0
1906,123,3
1907,149,2
1908,81,0
1909,19,3
1910,471,5
1911,38,1
1912,444,3
1913,2,0
1914,389,0
1915,165,1
1916,259,4
1917,142,7
1918,246,8
1919,226,6
1920,265,6
1921,197,10
1922,269,2
1923,413,8
1924,218,10
1925,181,6
1926,66,9
1927,180,1
1928,63,9
1929,92,6
1930,477,2
1931,45,0
1932,242,7
1933,418,4
1934,477,3
1935,74,4
1936,82,10
1937,187,4
1938,278,0
1939,480,3
1940,104,1
1941,83,7
1942,127,8
1943,438,9
1944,16,6
1945,191,8
1946,60,4
1947,79,6
1948,459,1
1949,1,5
1950,161,6
1951,458,0
1952,305,6
1953,36,7
1954,233,4
1955,0,0
1956,201,3
1957,265,2
1958,266,1
1959,331,3
1960,94,8
1961,420,10
1962,495,6
1963,72,6
1964,410,6
1965,409,5
1966,371,4
1967,186,6
1968,235,8
1969,420,4
1970,77,6
1971,415,5
1972,461,3
1973,341,3
1974,171,0
1975,280,4
1976,26,7
1977,466,7
1978,0,0
1979,29,0
1980,398,8
1981,329,8
1982,312,4
1983,28,3
1984,0,0
1985,319,7
1986,397,9
1987,0,0
1988,106,5
1989,106,7
1990,462,0
1991,266,6
1992,0,0
1993,144,10
1994,0,0
1995,377,5
1996,2,4
1997,0,0
1998,497,7
1999,141,7
2000,141,5
2001,440,2
2002,32,0
2003,199,3
2004,230,5
2005,399,4
2006,65,5
2007,218,3
2008,77,10
2009,0,0
2010,317,9
2011,249,4
2012,197,4
2013,77,6
2014,461,2
2015,324,2
2016,160,4
2017,207,8
2018,364,1
2019,360,4
2020,231,7
2021,152,7
2022,0,0
2023,330,0
2024,300,0
2025,37,5
2026,237,8
2027,307,0
2028,0,0
2029,263,7
2030,172,0
2031,278,3
2032,89,2
2033,0,0
2034,340,6
2035,494,3
2036,424,3
2037,292,6
2038,21,0
2039,494,2
2040,225,1
2041,145,6
2042,447,7
2043,374,5
2044,375,1
2045,139,4
2046,496,9
2047,227,2
2048,266,1
2049,376,1
2050,330,8
2051,87,1
2052,152,6
2053,181,10
2054,474,7
2055,358,4
2056,184,2
2057,368,0
2058,370,1
2059,198,10
2060,202,1
2061,448,0
2062,281,8
2063,75,4
2064,360,3
2065,295,7
2066,255,5
2067,363,10
2068,454,5
2069,0,0
2070,210,9
2071,95,5
2072,324,3
2073,202,10
2074,172,2
2075,349,0
2076,205,6
2077,233,10
2078,221,0
2079,130,9
2080,63,9
2081,414,10
2082,46,4
2083,163,2
2084,334,5
2085,66,1
2086,328,9
2087,367,7
2088,332,5
2089,153,5
2090,10,7
2091,444,5
2092,164,9
2093,0,0
2094,99,10
2095,82,6
2096,390,8
2097,470,3
2098,431,0
2099,376,4
2100,124,9
2101,457,1
2102,334,6
2103,87,2
2104,65,4
2105,436,1
2106,138,8
2107,383,8
2108,70,8
2109,141,7
2110,0,0
2111,141,5
2112,338,1
2113,458,4
2114,456,5
2115,371,7
2116,102,1
2117,481,8
2118,272,5
2119,273,9
2120,0,0
2121,385,6
2122,477,7
2123,292,9
2124,306,1
2125,373,5
2126,128,0
2127,154,5
2128,313,8
2129,33,9
2130,161,3
2131,359,4
2132,489,6
2133,260,4
2134,200,1
2135,221,3
2136,343,4
2137,273,5
2138,12,10
2139,270,5
2140,201,4
2141,351,7
2142,438,8
2143,482,4
2144,306,5
2145,182,2
2146,222,9
2147,89,9
2148,468,1
2149,0,0
2150,427,2
2151,165,10
2152,162,0
2153,429,2
2154,273,3
2155,353,6
2156,245,2
2157,0,0
2158,317,8
2159,407,9
2160,168,1
2161,405,1
2162,123,1
2163,202,10
2164,457,7
2165,478,5
2166,462,8
2167,159,6
2168,422,2
2169,469,5
2170,490,7
2171,11,0
2172,373,6
2173,499,5
2174,383,0
2175,117,2
2176,382,4
2177,53,3
2178,241,3
2179,314,7
2180,229,4
2181,350,5
2182,121,8
2183,304,1
2184,323,3
2185,317,0
2186,145,10
2187,153,2
2188,129,9
2189,231,2
2190,0,0
2191,182,6
2192,205,9
2193,144,1
2194,110,2
2195,329,9
2196,409,3
2197,146,2
2198,431,8
2199,286,1
2200,84,9
2201,183,9
2202,4,9
2203,20,3
2204,169,1
2205,228,4
2206,399,3
2207,68,10
2208,420,6
2209,118,10
2210,70,8
2211,350,7
2212,388,1
2213,303,0
2214,58,0
2215,58,6
2216,196,2
2217,226,10
2218,500,1
2219,144,10
2220,97,7
2221,473,1
2222,77,0
2223,14,4
2224,212,3
2225,201,3
2226,310,5
2227,439,1
2228,467,1
2229,145,7
2230,491,10
2231,317,3
2232,35,10
2233,470,3
2234,69,3
2235,295,0
2236,396,4
2237,125,5
2238,136,7
2239,239,1
2240,443,2
2241,112,4
2242,332,0
2243,227,1
2244,56,6
2245,356,10
2246,417,6
2247,288,1
2248,89,10
2249,78,5
2250,212,7
2251,254,2
2252,277,6
2253,122,0
2254,251,6
2255,148,2
2256,344,10
2257,399,0
2258,327,7
2259,1,1
2260,0,0
2261,12,5
2262,500,10
2263,16,7
2264,259,4
2265,53,0
2266,48,6
2267,342,4
2268,364,0
2269,60,6
2270,489,2
2271,161,2
2272,160,0
2273,149,4
2274,231,2
2275,0,0
2276,213,4
2277,105,2
2278,26,1
2279,185,5
2280,337,0
2281,382,10
2282,177,5
2283,162,10
2284,394,9
2285,341,10
2286,417,5
2287,454,4
2288,0,0
2289,469,0
2290,0,0
2291,198,3
2292,161,0
2293,118,2
2294,375,2
2295,358,0
2296,401,7
2297,84,1
2298,246,9
2299,111,4
2300,447,7
2301,134,3
2302,72,1
2303,285,1
2304,440,7
2305,458,7
2306,49,2
2307,163,3
2308,77,10
2309,154,9
2310,267,4
2311,141,2
2312,34,3
2313,256,5
2314,27,6
2315,114,2
2316,1,0
2317,44,5
2318,219,8
2319,426,1
2320,388,4
2321,50,1
2322,18,2
2323,170,6
2324,327,3
2325,374,2
2326,412,10
2327,172,1
2328,85,2
2329,0,0
2330,74,6
2331,33,0
2332,431,4
2333,135,6
2334,412,2
2335,277,6
2336,270,7
2337,228,2
2338,410,8
2339,22,4
2340,47,10
2341,212,0
2342,198,3
2343,273,7
2344,369,9
2345,294,2
2346,129,10
2347,164,2
2348,377,4
2349,101,3
2350,253,4
2351,270,9
2352,376,8
2353,358,8
2354,233,2
2355,155,10
2356,184,4
2357,206,7
2358,110,7
2359,313,7
2360,105,6
2361,325,5
2362,376,7
2363,481,9
2364,60,4
2365,380,5
2366,43,1
2367,169,3
2368,89,8
2369,82,7
2370,88,2
2371,22,6
2372,412,8
2373,31,1
2374,200,0
2375,0,0
2376,496,7
2377,427,3
2378,69,9
2379,494,9
2380,327,5
2381,90,4
2382,225,0
2383,459,9
2384,197,9
2385,92,4
2386,438,5
2387,477,8
2388,488,7
2389,478,1
2390,437,7
2391,228,10
2392,97,8
2393,309,5
2394,111,5
2395,237,2
2396,329,7
2397,474,2
2398,145,3
2399,126,2
2400,368,3
2401,4,4
2402,0,0
2403,373,7
2404,276,4
2405,192,10
2406,0,0
2407,186,7
2408,356,1
2409,233,6
2410,14,5
2411,266,4
2412,25,7
2413,466,9
2414,0,0
2415,187,9
2416,244,2
2417,310,3
2418,131,3
2419,145,10
2420,210,1
2421,130,4
2422,379,4
2423,52,8
2424,414,5
2425,175,10
2426,281,8
2427,79,7
2428,193,8
2429,0,0
2430,136,4
2431,67,6
2432,261,2
2433,82,1
2434,158,1
2435,226,8
2436,283,7
2437,320,3
2438,339,8
2439,423,7
2440,34,8
2441,182,10
2442,1,9
2443,5,1
2444,107,8
2445,300,4
2446,448,4
2447,387,7
2448,0,0
2449,390,4
2450,86,10
2451,420,1
2452,446,1
2453,48,0
2454,235,8
2455,416,4
2456,239,4
2457,421,7
2458,0,0
2459,238,6
2460,30,0
2461,171,1
2462,108,10
2463,238,4
2464,293,1
2465,232,4
2466,98,3
2467,151,3
2468,340,3
2469,14,8
2470,108,1
2471,447,3
2472,50,5
2473,208,5
2474,104,9
2475,53,10
2476,212,3
2477,261,5
2478,89,0
2479,39,6
2480,68,1
2481,326,0
2482,431,7
2483,91,1
2484,161,5
2485,172,1
2486,0,0
2487,123,8
2488,28,6
2489,0,0
2490,179,4
2491,172,2
2492,133,1
2493,0,0
2494,306,2
2495,210,3
2496,103,2
2497,401,6
2498,445,1
2499,17,6
2500,465,3
2501,350,7
2502,50,5
2503,377,9
2504,54,4
2505,26,3
2506,58,6
2507,230,7
2508,310,4
2509,204,6
2510,61,5
2511,100,3
2512,427,3
2513,482,9
2514,378,7
2515,52,1
2516,410,10
2517,346,7
2518,264,0
2519,72,8
2520,499,6
2521,222,10
2522,23,5
2523,105,5
2524,201,3
2525,32,3
2526,162,6
2527,235,9
2528,475,9
2529,44,8
2530,289,6
2531,458,5
2532,404,3
2533,0,0
2534,86,3
2535,401,2
2536,490,9
2537,164,6
2538,250,3
2539,266,9
2540,247,10
2541,145,3
2542,486,5
2543,479,5
2544,191,7
2545,0,0
2546,199,6
2547,398,8
2548,293,6
2549,236,9
2550,65,4
2551,328,4
2552,0,0
2553,109,10
2554,97,6
2555,491,1
2556,52,0
2557,400,5
2558,434,8
2559,16,5
2560,295,6
2561,289,8
2562,180,5
2563,334,9
2564,205,7
2565,220,8
2566,216,8
2567,401,6
2568,317,0
2569,190,4
2570,464,1
2571,402,5
2572,467,1
2573,366,5
2574,196,3
2575,387,0
2576,165,1
2577,136,5
2578,226,0
2579,485,9
2580,284,8
2581,192,7
2582,231,1
2583,146,8
2584,0,0
2585,176,4
2586,278,0
2587,185,5
2588,161,8
2589,486,0
2590,173,0
2591,36,4
2592,190,5
2593,267,5
2594,48,4
2595,153,2
2596,84,0
2597,251,0
2598,362,1
2599,485,7
2600,195,8
2601,432,4
2602,108,0
2603,391,4
2604,0,0
2605,380,2
2606,378,5
2607,267,5
2608,129,3
2609,264,4
2610,414,5
2611,0,0
2612,464,7
2613,91,6
2614,299,0
2615,53,0
2616,335,4
2617,0,0
2618,0,0
2619,329,0
2620,473,7
2621,424,4
2622,197,2
2623,0,0
2624,462,7
2625,461,5
2626,290,7
2627,490,3
2628,3,5
2629,309,9
2630,20,3
2631,468,4
2632,341,1
2633,457,7
2634,282,0
2635,42,2
2636,14,7
2637,168,0
2638,372,10
2639,76,4
2640,427,4
2641,120,5
2642,249,7
2643,102,5
2644,233,9
2645,227,10
2646,3,2
2647,284,7
2648,394,3
2649,469,10
2650,166,2
2651,441,3
2652,440,7
2653,495,8
2654,187,1
2655,426,6
2656,283,3
2657,30,6
2658,136,6
2659,337,10
2660,81,10
2661,218,7
2662,388,7
2663,75,9
2664,249,2
2665,108,7
2666,269,8
2667,121,1
2668,483,9
2669,39,7
2670,482,3
2671,396,5
2672,428,5
2673,426,10
2674,94,10
2675,466,8
2676,298,7
2677,482,1
2678,440,10
2679,290,1
2680,188,1
2681,59,0
2682,51,10
2683,195,5
2684,406,2
2685,253,0
2686,241,4
2687,123,7
2688,283,10
2689,320,6
2690,492,6
2691,365,9
2692,304,9
2693,456,3
2694,213,10
2695,468,5
2696,185,10
2697,64,1
2698,209,1
2699,65,9
2700,60,7
2701,441,1
2702,398,9
2703,111,1
2704,419,7
2705,35,2
2706,143,0
2707,354,8
2708,152,9
2709,366,1
2710,438,1
2711,34,6
2712,12,0
2713,471,8
2714,261,10
2715,254,8
2716,232,2
2717,217,2
2718,0,0
2719,290,0
2720,82,5
2721,314,4
2722,0,0
2723,0,0
2724,189,8
2725,396,7
2726,310,2
2727,69,3
2728,21,0
2729,291,4
2730,231,2
2731,481,1
2732,262,6
2733,466,6
2734,108,0
2735,224,2
2736,70,0
2737,288,7
2738,95,3
2739,247,0
2740,173,2
2741,0,0
2742,49,2
2743,257,7
2744,474,5
2745,100,1
2746,203,3
2747,113,0
2748,405,8
2749,208,3
2750,488,5
2751,123,1
2752,41,9
2753,292,2
2754,326,6
2755,496,9
2756,436,7
2757,443,6
2758,318,9
2759,180,1
2760,215,10
2761,67,6
2762,216,4
2763,183,2
2764,18,8
2765,103,10
2766,268,7
2767,185,0
2768,497,5
2769,240,8
2770,480,4
2771,331,8
2772,21,7
2773,102,0
2774,353,6
2775,273,1
2776,151,5
2777,262,4
2778,0,0
2779,195,9
2780,23,5
2781,156,5
2782,468,6
2783,381,7
2784,419,6
2785,456,8
2786,59,10
2787,142,9
2788,30,1
2789,3,5
2790,0,0
2791,469,5
2792,78,5
2793,362,7
2794,268,4
2795,35,2
2796,458,5
2797,436,9
2798,284,3
2799,354,0
2800,0,0
2801,397,2
2802,223,6
2803,495,8
2804,32,3
2805,87,3
2806,485,3
2807,145,1
2808,156,1
2809,0,0
2810,95,5
2811,257,5
2812,144,0
2813,99,9
2814,483,7
2815,100,0
2816,48,9
2817,337,0
2818,434,6
2819,64,5
2820,354,5
2821,271,10
2822,416,10
2823,64,3
2824,488,6
2825,310,10
2826,422,8
2827,181,9
2828,472,4
2829,314,3
2830,64,5
2831,462,8
2832,398,10
2833,151,7
2834,273,7
2835,195,5
2836,272,3
2837,483,4
2838,450,5
2839,108,8
2840,486,6
2841,219,8
2842,353,0
2843,383,8
2844,242,5
2845,229,10
2846,229,5
2847,432,5
2848,194,1
2849,140,8
2850,181,7
2851,0,0
2852,196,1
2853,58,2
2854,45,9
2855,362,0
2856,0,0
2857,285,4
2858,390,10
2859,363,9
2860,0,0
2861,97,3
2862,466,6
2863,418,7
2864,307,10
2865,44,0
2866,0,0
2867,158,3
2868,79,1
2869,431,6
2870,103,8
2871,142,1
2872,488,0
2873,410,9
2874,110,10
2875,192,1
2876,258,9
2877,333,10
2878,469,10
2879,436,2
2880,489,6
2881,21,10
2882,0,0
2883,0,0
2884,25,2
2885,178,0
2886,77,2
2887,467,0
2888,32,2
2889,75,0
2890,0,0
2891,75,6
2892,285,5
2893,183,8
2894,457,4
2895,131,4
2896,269,2
2897,331,4
2898,313,1
2899,399,6
2900,101,10
2901,254,5
2902,401,3
2903,432,7
2904,309,9
2905,326,5
2906,433,2
2907,313,7
2908,475,2
2909,64,10
2910,174,3
2911,57,3
2912,46,7
2913,236,0
2914,113,2
2915,0,0
2916,219,4
2917,311,6
2918,473,1
2919,425,3
2920,0,0
2921,163,10
2922,386,0
2923,62,6
2924,271,0
2925,212,5
2926,92,9
2927,309,8
2928,161,2
2929,93,2
2930,327,8
2931,88,9
2932,337,3
2933,82,0
2934,218,4
2935,404,6
2936,115,4
2937,384,10
2938,361,8
2939,452,8
2940,85,0
2941,358,9
2942,469,8
2943,382,4
2944,94,6
2945,412,9
2946,54,9
2947,0,0
2948,249,0
2949,266,6
2950,260,7
2951,16,0
2952,255,8
2953,469,2
2954,219,9
2955,139,6
2956,498,3
2957,50,0
2958,244,0
2959,257,8
2960,239,4
2961,461,9
2962,211,2
2963,0,0
2964,34,10
2965,367,1
2966,297,7
2967,121,10
2968,114,3
2969,360,0
2970,319,9
2971,306,5
2972,26,0
2973,299,9
2974,491,7
2975,0,0
2976,235,2
2977,0,0
2978,449,10
2979,142,0
2980,238,8
2981,359,5
2982,31,6
2983,401,8
2984,412,9
2985,360,1
2986,325,0
2987,374,1
2988,391,7
2989,452,6
2990,215,0
2991,229,2
2992,319,5
2993,97,8
2994,429,3
2995,386,10
2996,316,10
2997,151,8
2998,174,4
2999,218,9
3000,332,8
3001,390,5
3002,336,4
3003,465,9
3004,481,6
3005,353,2
3006,186,10
3007,300,0
3008,213,7
3009,315,7
3010,407,6
3011,185,0
3012,253,5
3013,23,9
3014,369,2
3015,245,7
3016,230,9
3017,267,10
3018,108,5
3019,299,3
3020,373,7
3021,175,5
3022,66,6
3023,194,8
3024,100,7
3025,187,2
3026,314,8
3027,57,5
3028,374,10
3029,113,7
3030,448,9
3031,367,10
3032,137,10
3033,282,8
3034,56,6
3035,50,1
3036,479,4
3037,402,5
3038,78,8
3039,142,6
3040,99,4
3041,198,1
3042,146,7
3043,165,4
3044,0,0
3045,95,3
3046,442,9
3047,364,1
3048,381,4
3049,85,5
3050,355,0
3051,419,1
3052,88,10
3053,376,6
3054,179,2
3055,394,1
3056,240,4
3057,402,7
3058,74,8
3059,195,2
3060,137,7
3061,125,9
3062,155,2
3063,192,0
3064,64,10
3065,354,5
3066,276,8
3067,415,3
3068,353,3
3069,75,2
3070,35,2
3071,212,5
3072,241,1
3073,121,9
3074,392,5
3075,291,10
3076,374,5
3077,55,3
3078,408,5
3079,104,1
3080,225,9
3081,220,7
3082,411,1
3083,139,6
3084,0,0
3085,170,2
3086,0,0
3087,91,8
3088,89,2
3089,116,5
3090,234,2
3091,172,7
3092,197,0
3093,360,3
3094,121,6
3095,455,4
3096,376,6
3097,88,1
3098,157,4
3099,92,8
3100,137,3
3101,183,1
3102,66,9
3103,8,8
3104,220,7
3105,351,8
3106,152,8
3107,431,8
3108,185,5
3109,451,0
3110,118,6
3111,270,3
3112,382,8
3113,30,5
3114,466,9
3115,183,6
3116,249,6
3117,315,10
3118,322,5
3119,12,4
3120,434,4
3121,312,9
3122,500,8
3123,0,0
3124,307,5
3125,221,4
3126,445,7
3127,417,0
3128,455,7
3129,253,8
3130,396,2
3131,180,1
3132,231,6
3133,381,2
3134,41,10
3135,356,8
3136,8,10
3137,291,5
3138,0,0
3139,235,0
3140,248,3
3141,246,0
3142,204,7
3143,226,5
3144,285,3
3145,382,3
3146,277,7
3147,322,1
3148,419,5
3149,495,6
3150,55,2
3151,357,2
3152,113,3
3153,99,6
3154,397,2
3155,35,4
3156,424,5
3157,0,0
3158,498,6
3159,334,1
3160,437,1
3161,60,2
3162,445,3
3163,81,0
3164,158,10
3165,65,3
3166,201,8
3167,375,9
3168,135,8
3169,412,9
3170,304,1
3171,315,4
3172,470,8
3173,216,6
3174,173,0
3175,498,6
3176,279,8
3177,308,9
3178,149,4
3179,108,2
3180,85,3
3181,112,3
3182,98,3
3183,374,3
3184,29,5
3185,315,0
3186,475,3
3187,383,3
3188,202,1
3189,30,9
3190,418,7
3191,2,10
3192,341,6
3193,336,1
3194,96,9
3195,370,5
3196,88,7
3197,113,4
3198,406,5
3199,490,5
3200,133,3
3201,461,6
3202,457,8
3203,385,0
3204,71,1
3205,150,9
3206,339,6
3207,500,10
3208,408,6
3209,211,7
3210,118,9
3211,481,7
3212,139,3
3213,172,5
3214,483,2
3215,281,3
3216,0,0
3217,3,1
3218,215,7
3219,494,6
3220,217,3
3221,350,0
3222,127,7
3223,388,9
3224,388,8
3225,305,4
3226,386,7
3227,290,4
3228,190,3
3229,369,3
3230,418,2
3231,421,10
3232,107,7
3233,339,1
3234,3,9
3235,286,1
3236,286,6
3237,182,1
3238,498,3
3239,442,7
3240,20,10
3241,105,10
3242,104,9
3243,449,2
3244,260,1
3245,365,9
3246,405,10
3247,384,3
3248,45,0
3249,71,7
3250,198,0
3251,170,0
3252,374,10
3253,79,5
3254,186,1
3255,119,7
3256,95,4
3257,87,5
3258,98,9
3259,283,2
3260,206,7
3261,218,9
3262,240,4
3263,371,10
3264,431,4
3265,264,5
3266,322,9
3267,370,6
3268,346,9
3269,68,8
3270,492,7
3271,83,2
3272,206,4
3273,327,9
3274,202,6
3275,122,3
3276,462,3
3277,36,8
3278,123,1
3279,497,1
3280,365,8
3281,44,3
3282,378,8
3283,485,5
3284,49,10
3285,208,5
3286,235,9
3287,66,9
3288,101,2
3289,87,10
3290,93,8
3291,202,1
3292,232,0
3293,119,2
3294,145,0
3295,97,3
3296,399,10
3297,106,5
3298,454,0
3299,270,5
3300,402,2
3301,0,0
3302,134,0
3303,0,0
3304,138,4
3305,60,0
3306,128,7
3307,138,5
3308,68,8
3309,12,6
3310,472,8
3311,257,5
3312,202,0
3313,465,1
3314,113,5
3315,202,4
3316,424,8
3317,317,4
3318,0,0
3319,128,2
3320,18,4
3321,43,8
3322,81,1
3323,394,3
3324,320,8
3325,217,6
3326,392,8
3327,81,5
3328,106,9
3329,197,9
3330,459,10
3331,308,1
3332,426,6
3333,125,1
3334,425,2
3335,37,3
3336,114,7
3337,262,4
3338,0,0
3339,430,3
3340,434,6
3341,271,8
3342,153,10
3343,50,2
3344,310,8
3345,269,0
3346,380,5
3347,0,0
3348,65,10
3349,0,0
3350,391,10
3351,80,9
3352,470,4
3353,53,8
3354,365,0
3355,488,6
3356,221,0
3357,29,7
3358,439,10
3359,94,7
3360,264,9
3361,493,2
3362,373,10
3363,24,6
3364,411,7
3365,81,8
3366,375,7
3367,311,3
3368,144,6
3369,212,7
3370,59,9
3371,494,5
3372,120,5
3373,155,5
3374,252,1
3375,337,0
3376,253,0
3377,253,7
3378,292,4
3379,429,9
3380,198,7
3381,417,1
3382,394,1
3383,481,4
3384,457,10
3385,400,0
3386,124,2
3387,388,0
3388,369,4
3389,145,10
3390,339,7
3391,127,5
3392,262,1
3393,399,3
3394,95,5
3395,169,3
3396,398,7
3397,227,10
3398,481,2
3399,4,2
3400,0,0
3401,408,7
3402,459,5
3403,79,3
3404,493,2
3405,197,0
3406,177,5
3407,178,7
3408,320,2
3409,330,0
3410,237,5
3411,36,7
3412,494,3
3413,112,2
3414,47,1
3415,299,8
3416,207,9
3417,308,8
3418,438,5
3419,49,7
3420,143,4
3421,259,0
3422,394,4
3423,301,7
3424,192,7
3425,306,10
3426,490,10
3427,241,2
3428,442,0
3429,390,3
3430,151,9
3431,125,8
3432,386,1
3433,104,1
3434,169,6
3435,118,7
3436,0,0
3437,148,8
3438,330,2
3439,468,0
3440,415,6
3441,474,6
3442,13,10
3443,228,6
3444,111,5
3445,459,3
3446,356,0
3447,161,9
3448,282,9
3449,303,1
3450,248,7
3451,238,4
3452,28,4
3453,227,9
3454,175,9
3455,410,2
3456,433,3
3457,376,9
3458,16,10
3459,421,0
3460,199,9
3461,209,5
3462,473,6
3463,434,0
3464,0,0
3465,180,7
3466,375,7
3467,270,8
3468,129,10
3469,263,9
3470,434,8
3471,112,10
3472,374,7
3473,368,7
3474,443,5
3475,149,8
3476,108,0
3477,274,5
3478,266,4
3479,205,10
3480,390,0
3481,400,7
3482,123,2
3483,398,9
3484,116,9
3485,204,2
3486,14,9
3487,171,5
3488,480,10
3489,222,8
3490,356,0
3491,54,2
3492,0,0
3493,0,0
3494,372,1
3495,465,10
3496,266,9
3497,52,4
3498,239,2
3499,62,1
3500,225,10
3501,31,3
3502,0,0
3503,156,4
3504,101,4
3505,9,6
3506,445,3
3507,419,10
3508,406,7
3509,30,10
3510,175,4
3511,486,7
3512,290,4
3513,65,7
3514,71,8
3515,132,3
3516,487,10
3517,85,9
3518,452,9
3519,340,2
3520,461,7
3521,414,1
3522,167,1
3523,414,10
3524,85,1
3525,146,9
3526,106,4
3527,67,3
3528,46,0
3529,94,7
3530,61,7
3531,191,5
3532,36,8
3533,31,3
3534,495,6
3535,44,3
3536,38,6
3537,16,1
3538,67,5
3539,264,6
3540,414,6
3541,368,4
3542,0,0
3543,0,0
3544,388,3
3545,19,2
3546,316,7
3547,205,10
3548,442,8
3549,154,7
3550,320,10
3551,220,9
3552,262,5
3553,470,1
3554,357,6
3555,208,6
3556,224,3
3557,353,9
3558,174,9
3559,84,3
3560,234,5
3561,35,2
3562,85,1
3563,211,2
3564,399,4
3565,391,3
3566,131,1
3567,0,0
3568,77,6
3569,378,3
3570,124,5
3571,400,2
3572,422,7
3573,345,7
3574,166,10
3575,477,0
3576,344,9
3577,323,3
3578,429,0
3579,441,7
3580,39,1
3581,441,1
3582,0,0
3583,104,2
3584,154,6
3585,377,2
3586,109,1
3587,227,0
3588,345,0
3589,326,5
3590,455,4
3591,56,0
3592,148,3
3593,493,3
3594,285,6
3595,125,10
3596,145,7
3597,170,10
3598,278,2
3599,143,2
3600,0,0
3601,223,3
3602,306,9
3603,78,5
3604,312,2
3605,463,9
3606,68,6
3607,164,8
3608,347,4
3609,309,1
3610,338,7
3611,280,1
3612,342,7
3613,305,4
3614,38,8
3615,376,9
3616,0,0
3617,26,9
3618,205,1
3619,218,1
3620,44,10
3621,499,6
3622,112,4
3623,166,1
3624,221,3
3625,417,7
3626,372,9
3627,386,10
3628,119,4
3629,423,5
3630,415,1
3631,232,0
3632,273,4
3633,19,6
3634,381,1
3635,481,4
3636,237,7
3637,271,8
3638,250,10
3639,42,3
3640,310,4
3641,361,9
3642,464,7
3643,465,3
3644,246,7
3645,480,1
3646,265,4
3647,322,3
3648,301,10
3649,500,0
3650,369,9
3651,61,3
3652,36,0
3653,205,7
3654,258,7
3655,0,0
3656,241,0
3657,258,1
3658,461,4
3659,168,1
3660,247,7
3661,279,0
3662,235,8
3663,485,9
3664,482,7
3665,257,10
3666,226,10
3667,295,0
3668,91,3
3669,213,8
3670,109,3
3671,73,8
3672,48,8
3673,0,0
3674,1,3
3675,324,3
3676,216,0
3677,184,3
3678,385,3
3679,270,4
3680,367,4
3681,355,9
3682,17,8
3683,108,8
3684,285,0
3685,488,5
3686,78,8
3687,53,2
3688,471,4
3689,484,7
3690,84,8
3691,201,9
3692,314,4
3693,98,4
3694,164,4
3695,198,7
3696,321,4
3697,155,4
3698,207,1
3699,145,5
3700,380,2
3701,77,5
3702,116,9
3703,125,8
3704,453,5
3705,473,10
3706,251,10
3707,79,4
3708,379,8
3709,247,3
3710,425,9
3711,180,4
3712,500,2
3713,404,1
3714,112,9
3715,363,3
3716,144,8
3717,175,0
3718,126,5
3719,342,4
3720,132,4
3721,320,1
3722,292,0
3723,376,3
3724,497,5
3725,5,8
3726,496,5
3727,55,2
3728,264,2
3729,0,0
3730,320,4
3731,361,9
3732,430,4
3733,201,6
3734,467,0
3735,162,2
3736,102,9
3737,190,3
3738,265,4
3739,335,6
3740,417,0
3741,113,5
3742,152,3
3743,470,1
3744,220,4
3745,121,4
3746,493,2
3747,225,5
3748,493,8
3749,460,2
3750,454,10
3751,291,6
3752,400,8
3753,481,0
3754,0,0
3755,19,3
3756,161,7
3757,319,8
3758,274,2
3759,41,2
3760,0,0
3761,0,0
3762,253,8
3763,288,4
3764,319,1
3765,207,3
3766,205,4
3767,340,10
3768,375,1
3769,404,3
3770,167,7
3771,213,2
3772,166,9
3773,264,10
3774,64,4
3775,216,8
3776,95,8
3777,267,7
3778,426,2
3779,493,0
3780,0,0
3781,29,1
3782,114,3
3783,53,7
3784,380,6
3785,493,2
3786,277,0
3787,89,2
3788,11,5
3789,489,8
3790,159,4
3791,57,3
3792,89,6
3793,128,0
3794,328,2
3795,446,0
3796,138,5
3797,344,4
3798,0,0
3799,6,6
3800,28,4
3801,462,9
3802,291,10
3803,0,0
3804,11,10
3805,12,2
3806,425,2
3807,52,5
3808,78,0
3809,260,4
3810,304,2
3811,115,5
3812,223,8
3813,338,10
3814,222,2
3815,192,5
3816,36,5
3817,226,4
3818,402,6
3819,0,0
3820,447,4
3821,64,0
3822,6,10
3823,275,10
3824,90,3
3825,297,5
3826,452,9
3827,169,5
3828,275,5
3829,341,10
3830,76,9
3831,449,5
3832,102,1
3833,405,4
3834,330,7
3835,71,2
3836,363,5
3837,99,7
3838,300,0
3839,480,6
3840,477,8
3841,0,0
3842,248,6
3843,280,7
3844,0,0
3845,461,7
3846,239,2
3847,386,4
3848,180,7
3849,371,0
3850,113,0
3851,367,4
3852,23,10
3853,53,0
3854,177,8
3855,242,0
3856,356,5
3857,180,4
3858,10,5
3859,163,0
3860,0,0
3861,272,3
3862,323,8
3863,124,7
3864,306,6
3865,316,3
3866,389,7
3867,262,10
3868,406,10
3869,111,10
3870,356,2
3871,23,6
3872,52,4
3873,433,10
3874,238,10
3875,311,9
3876,302,1
3877,348,3
3878,123,7
3879,90,8
3880,22,3
3881,433,1
3882,112,1
3883,288,7
3884,228,4
3885,82,5
3886,207,8
3887,42,0
3888,89,8
3889,70,3
3890,413,10
3891,284,10
3892,463,5
3893,218,3
3894,101,2
3895,305,1
3896,465,10
3897,267,2
3898,9,4
3899,152,5
3900,0,0
3901,260,9
3902,476,6
3903,255,8
3904,7,6
3905,437,4
3906,382,1
3907,358,2
3908,486,4
3909,99,0
3910,453,3
3911,117,5
3912,486,5
3913,96,8
3914,276,10
3915,395,8
3916,40,0
3917,34,4
3918,425,8
3919,31,6
3920,307,5
3921,470,4
3922,308,4
3923,241,6
3924,209,1
3925,320,5
3926,286,2
3927,251,7
3928,77,9
3929,332,5
3930,370,4
3931,355,10
3932,38,7
3933,352,4
3934,365,0
3935,92,0
3936,425,2
3937,262,2
3938,237,7
3939,362,5
3940,255,10
3941,273,5
3942,157,9
3943,464,6
3944,485,3
3945,66,7
3946,367,4
3947,12,3
3948,185,5
3949,485,7
3950,88,4
3951,189,7
3952,110,10
3953,365,4
3954,232,3
3955,297,4
3956,472,9
3957,261,1
3958,368,10
3959,49,4
3960,108,9
3961,474,8
3962,430,8
3963,329,9
3964,190,2
3965,100,6
3966,426,1
3967,393,3
3968,121,0
3969,295,7
3970,310,6
3971,239,8
3972,464,1
3973,63,3
3974,129,7
3975,48,9
3976,347,9
3977,323,0
3978,494,4
3979,272,0
3980,76,9
3981,226,1
3982,45,9
3983,336,1
3984,0,0
3985,429,9
3986,170,4
3987,156,4
3988,36,7
3989,208,3
3990,238,7
3991,378,4
3992,377,2
3993,71,4
3994,143,0
3995,256,3
3996,0,0
3997,13,1
3998,423,1
3999,366,7
4000,261,4
4001,159,1
4002,422,8
4003,18,8
4004,224,0
4005,401,2
4006,477,4
4007,0,0
4008,326,0
4009,95,8
4010,58,3
4011,177,1
4012,443,9
4013,345,0
4014,245,1
4015,142,10
4016,71,5
4017,136,5
4018,77,7
4019,94,6
4020,344,6
4021,67,0
4022,24,6
4023,272,3
4024,0,0
4025,228,5
4026,70,1
4027,105,9
4028,221,3
4029,346,2
4030,208,10
4031,271,8
4032,261,9
4033,135,7
4034,140,10
4035,0,0
4036,17,6
4037,343,3
4038,308,4
4039,154,2
4040,187,2
4041,165,4
4042,326,10
4043,380,6
4044,55,3
4045,207,4
4046,7,5
4047,227,2
4048,125,5
4049,168,7
4050,229,2
4051,162,6
4052,198,7
4053,383,5
4054,406,3
4055,3,6
4056,189,8
4057,424,2
4058,266,6
4059,103,7
4060,297,3
4061,73,4
4062,11,9
4063,317,3
4064,258,6
4065,379,1
4066,173,10
4067,428,6
4068,0,0
4069,370,6
4070,51,3
4071,49,3
4072,392,7
4073,417,9
4074,472,1
4075,163,9
4076,12,9
4077,490,1
4078,301,1
4079,124,7
4080,382,9
4081,452,4
4082,143,7
4083,385,10
4084,394,3
4085,251,2
4086,0,0
4087,135,3
4088,0,0
4089,492,4
4090,491,5
4091,369,2
4092,22,7
4093,184,7
4094,223,2
4095,480,5
4096,274,0
4097,269,2
4098,74,10
4099,0,0
4100,169,6
4101,46,9
4102,494,7
4103,96,8
4104,9,7
4105,39,5
4106,227,6
4107,52,3
4108,0,0
4109,257,1
4110,162,9
4111,2,9
4112,240,1
4113,0,0
4114,490,10
4115,146,6
4116,238,3
4117,10,9
4118,66,5
4119,104,1
4120,26,2
4121,363,7
4122,473,5
4123,493,2
4124,133,8
4125,395,1
4126,253,2
4127,23,5
4128,46,0
4129,274,4
4130,212,10
4131,0,0
4132,466,9
4133,366,3
4134,252,0
4135,494,8
4136,0,0
4137,487,8
4138,130,1
4139,441,7
4140,253,6
4141,364,10
4142,430,1
4143,82,4
4144,225,10
4145,65,4
4146,140,7
4147,207,1
4148,428,8
4149,432,3
4150,195,6
4151,0,0
4152,266,7
4153,456,5
4154,489,2
4155,114,3
4156,94,9
4157,354,2
4158,151,7
4159,100,5
4160,16,3
4161,202,7
4162,196,3
4163,282,3
4164,101,5
4165,358,8
4166,341,9
4167,232,6
4168,91,7
4169,0,0
4170,338,2
4171,187,2
4172,0,0
4173,254,6
4174,178,7
4175,201,1
4176,175,8
4177,152,4
4178,359,9
4179,231,7
4180,234,10
4181,327,6
4182,181,5
4183,0,0
4184,427,4
4185,28,9
4186,286,4
4187,133,0
4188,107,2
4189,21,6
4190,451,6
4191,215,10
4192,172,10
4193,371,5
4194,20,6
4195,283,8
4196,248,0
4197,277,6
4198,62,5
4199,477,8
4200,120,8
4201,340,7
4202,374,7
4203,172,7
4204,66,6
4205,149,2
4206,404,3
4207,0,0
4208,469,6
4209,0,0
4210,304,9
4211,76,10
4212,356,6
4213,208,2
4214,357,10
4215,343,2
4216,497,4
4217,245,9
4218,171,5
4219,264,2
4220,82,0
4221,56,3
4222,260,7
4223,413,7
4224,267,2
4225,391,1
4226,89,7
4227,225,1
4228,307,0
4229,174,5
4230,8,6
4231,37,2
4232,464,2
4233,303,2
4234,133,3
4235,130,0
4236,20,0
4237,473,4
4238,55,0
4239,380,3
4240,121,6
4241,168,0
4242,137,6
4243,413,6
4244,17,6
4245,177,6
4246,140,8
4247,137,0
4248,97,1
4249,457,3
4250,190,7
4251,210,9
4252,193,10
4253,491,6
4254,0,0
4255,171,4
4256,164,0
4257,0,0
4258,45,5
4259,303,2
4260,13,8
4261,113,8
4262,102,3
4263,146,10
4264,379,1
4265,300,10
4266,496,8
4267,0,0
4268,465,7
4269,23,3
4270,253,8
4271,400,1
4272,266,2
4273,467,3
4274,158,2
4275,17,3
4276,0,0
4277,35,6
4278,383,6
4279,367,2
4280,423,2
4281,240,10
4282,448,2
4283,85,1
4284,218,4
4285,0,0
4286,384,3
4287,358,9
4288,404,2
4289,383,7
4290,155,5
4291,35,3
4292,465,7
4293,247,6
4294,48,3
4295,464,2
4296,498,10
4297,223,1
4298,386,10
4299,19,5
4300,47,10
4301,139,3
4302,329,6
4303,67,6
4304,18,3
4305,335,2
4306,386,5
4307,370,7
4308,400,2
4309,402,8
4310,302,7
4311,260,1
4312,429,10
4313,175,0
4314,49,7
4315,376,4
4316,138,7
4317,490,8
4318,208,7
4319,426,7
4320,22,9
4321,330,7
4322,225,8
4323,232,4
4324,133,2
4325,486,2
4326,197,6
4327,426,5
4328,213,0
4329,25,2
4330,440,10
4331,93,7
4332,136,8
4333,431,2
4334,447,0
4335,459,3
4336,213,9
4337,379,5
4338,164,8
4339,371,5
4340,0,0
4341,26,6
4342,209,10
4343,234,4
4344,129,6
4345,188,10
4346,252,4
4347,25,9
4348,76,5
4349,384,9
4350,176,5
4351,305,6
4352,283,3
4353,276,6
4354,207,3
4355,242,6
4356,412,8
4357,483,4
4358,0,0
4359,335,3
4360,485,8
4361,4,6
4362,393,5
4363,249,0
4364,484,1
4365,290,0
4366,420,9
4367,84,9
4368,72,0
4369,464,0
4370,264,8
4371,280,5
4372,85,3
4373,0,0
4374,410,2
4375,152,2
4376,293,4
4377,159,9
4378,132,8
4379,0,0
4380,465,6
4381,471,9
4382,58,10
4383,177,8
4384,282,1
4385,192,2
4386,361,2
4387,131,1
4388,30,1
4389,169,3
4390,299,6
4391,91,4
4392,408,4
4393,7,2
4394,34,1
4395,255,10
4396,257,6
4397,148,2
4398,130,8
4399,0,0
4400,332,10
4401,0,0
4402,60,7
4403,200,10
4404,469,8
4405,131,2
4406,448,9
4407,130,4
4408,93,5
4409,131,6
4410,162,8
4411,61,1
4412,294,5
4413,167,8
4414,360,6
4415,246,3
4416,222,0
4417,236,6
4418,79,7
4419,357,6
4420,53,10
4421,361,6
4422,500,5
4423,382,0
4424,228,6
4425,158,1
4426,437,7
4427,129,1
4428,242,9
4429,386,3
4430,462,4
4431,461,1
4432,44,2
4433,450,10
4434,58,3
4435,293,5
4436,465,10
4437,328,6
4438,0,0
4439,173,3
4440,158,4
4441,164,3
4442,178,2
4443,342,5
4444,227,4
4445,369,3
4446,0,0
4447,154,3
4448,96,2
4449,276,4
4450,0,0
4451,430,5
4452,127,6
4453,239,10
4454,353,6
4455,307,2
4456,34,4
4457,296,5
4458,20,5
4459,59,1
4460,327,1
4461,52,3
4462,170,10
4463,295,7
4464,328,9
4465,223,1
4466,48,4
4467,400,6
4468,475,4
4469,445,4
4470,375,3
4471,202,0
4472,439,9
4473,245,10
4474,69,0
4475,426,4
4476,161,5
4477,0,0
4478,185,10
4479,435,4
4480,269,8
4481,234,10
4482,149,9
4483,418,3
4484,31,8
4485,235,4
4486,185,0
4487,272,8
4488,128,9
4489,0,0
4490,0,0
4491,95,4
4492,99,1
4493,349,10
4494,0,0
4495,0,0
4496,314,0
4497,165,7
4498,195,9
4499,123,7
4500,173,6
4501,347,9
4502,267,10
4503,499,9
4504,386,2
4505,9,6
4506,0,0
4507,145,3
4508,294,7
4509,133,0
4510,484,9
4511,150,6
4512,261,8
4513,62,9
4514,455,2
4515,456,4
4516,397,9
4517,176,1
4518,30,9
4519,356,3
4520,215,6
4521,496,5
4522,350,7
4523,270,9
4524,494,3
4525,401,1
4526,230,4
4527,10,6
4528,47,8
4529,222,8
4530,282,3
4531,16,10
4532,64,0
4533,0,0
4534,376,0
4535,15,10
4536,254,1
4537,41,6
4538,362,8
4539,418,8
4540,435,10
4541,300,0
4542,315,4
4543,0,0
4544,307,7
4545,224,6
4546,378,6
4547,296,3
4548,422,1
4549,263,4
4550,435,2
4551,23,6
4552,0,0
4553,50,6
4554,279,6
4555,355,0
4556,109,7
4557,78,4
4558,431,1
4559,376,2
4560,325,8
4561,245,10
4562,211,5
4563,11,10
4564,95,1
4565,449,3
4566,170,10
4567,353,1
4568,352,7
4569,155,2
4570,103,3
4571,346,5
4572,47,3
4573,0,0
4574,445,10
4575,356,5
4576,383,5
4577,42,0
4578,100,2
4579,138,0
4580,147,9
4581,98,2
4582,487,3
4583,83,9
4584,355,7
4585,294,6
4586,306,0
4587,108,6
4588,154,6
4589,304,3
4590,150,8
4591,348,10
4592,20,2
4593,37,3
4594,365,3
4595,309,9
4596,22,0
4597,450,9
4598,3,8
4599,478,5
4600,365,6
4601,0,0
4602,475,8
4603,0,0
4604,379,0
4605,106,7
4606,236,1
4607,121,0
4608,244,10
4609,437,5
4610,219,7
4611,47,2
4612,163,1
4613,394,0
4614,261,3
4615,281,0
4616,216,4
4617,147,3
4618,300,5
4619,317,6
4620,450,3
4621,309,5
4622,498,0
4623,0,0
4624,40,10
4625,197,10
4626,0,0
4627,2,10
4628,91,5
4629,382,1
4630,177,9
4631,74,4
4632,144,6
4633,138,7
4634,88,3
4635,51,8
4636,383,5
4637,413,4
4638,249,3
4639,308,8
4640,460,2
4641,422,1
4642,17,9
4643,477,3
4644,34,7
4645,14,7
4646,0,0
4647,373,6
4648,41,7
4649,0,0
4650,132,10
4651,199,0
4652,494,8
4653,166,1
4654,105,9
4655,62,0
4656,0,0
4657,67,2
4658,287,6
4659,211,0
4660,249,0
4661,417,5
4662,291,10
4663,78,5
4664,189,4
4665,157,7
4666,414,6
4667,154,4
4668,70,6
4669,369,0
4670,215,2
4671,48,7
4672,345,3
4673,106,0
4674,435,1
4675,417,9
4676,185,3
4677,278,0
4678,284,8
4679,327,5
4680,35,4
4681,163,9
4682,86,3
4683,349,6
4684,0,0
4685,259,6
4686,364,2
4687,475,7
4688,145,8
4689,4,1
4690,362,1
4691,1,7
4692,34,1
4693,496,9
4694,432,1
4695,354,10
4696,418,7
4697,38,4
4698,0,0
4699,151,3
4700,12,8
4701,445,8
4702,29,2
4703,273,5
4704,427,10
4705,368,2
4706,118,7
4707,236,1
4708,275,9
4709,384,1
4710,214,3
4711,143,5
4712,398,4
4713,444,1
4714,245,7
4715,15,0
4716,251,10
4717,445,0
4718,495,3
4719,201,10
4720,76,1
4721,287,0
4722,416,8
4723,473,0
4724,26,9
4725,146,4
4726,239,9
4727,50,2
4728,444,1
4729,57,10
4730,333,8
4731,460,10
4732,343,3
4733,382,4
4734,132,6
4735,414,4
4736,210,2
4737,31,4
4738,184,6
4739,175,0
4740,261,3
4741,133,3
4742,232,0
4743,214,1
4744,164,5
4745,349,1
4746,153,3
4747,383,6
4748,126,9
4749,433,1
4750,183,4
4751,21,1
4752,75,4
4753,404,5
4754,437,8
4755,106,4
4756,302,10
4757,288,1
4758,67,0
4759,226,0
4760,347,3
4761,484,2
4762,424,1
4763,49,2
4764,119,10
4765,219,8
4766,76,0
4767,286,10
4768,5,2
4769,57,4
4770,24,3
4771,148,4
4772,382,8
4773,89,7
4774,494,6
4775,135,6
4776,23,8
4777,168,2
4778,375,4
4779,54,1
4780,36,7
4781,425,4
4782,297,7
4783,172,6
4784,0,0
4785,423,1
4786,180,10
4787,281,3
4788,6,1
4789,154,3
4790,298,9
4791,99,2
4792,496,10
4793,486,5
4794,129,9
4795,199,7
4796,95,0
4797,252,5
4798,62,4
4799,196,2
4800,278,6
4801,306,1
4802,299,7
4803,111,9
4804,397,1
4805,346,5
4806,377,7
4807,234,0
4808,447,4
4809,195,2
4810,403,0
4811,0,0
4812,124,4
4813,264,8
4814,278,6
4815,374,9
4816,149,10
4817,437,6
4818,165,3
4819,268,4
4820,466,9
4821,270,4
4822,341,5
4823,455,2
4824,488,10
4825,250,7
4826,209,3
4827,99,6
4828,269,4
4829,460,1
4830,244,9
4831,175,9
4832,54,9
4833,195,4
4834,119,2
4835,489,0
4836,264,8
4837,69,3
4838,34,9
4839,426,9
4840,466,1
4841,382,10
4842,62,1
4843,50,5
4844,99,5
4845,376,10
4846,383,7
4847,419,9
4848,49,6
4849,0,0
4850,451,9
4851,465,9
4852,363,4
4853,54,4
4854,35,10
4855,28,8
4856,346,10
4857,423,6
4858,316,10
4859,132,7
4860,0,0
4861,30,1
4862,415,6
4863,446,8
4864,360,8
4865,440,10
4866,294,3
4867,235,3
4868,162,10
4869,461,10
4870,349,1
4871,96,4
4872,479,10
4873,30,2
4874,294,8
4875,96,1
4876,333,1
4877,207,8
4878,219,6
4879,336,6
4880,379,9
4881,191,3
4882,499,5
4883,250,6
4884,81,8
4885,4,3
4886,102,6
4887,346,4
4888,270,5
4889,169,9
4890,241,4
4891,420,7
4892,286,10
4893,30,8
4894,25,10
4895,242,6
4896,203,3
4897,426,10
4898,292,7
4899,379,2
4900,293,3
4901,173,2
4902,329,9
4903,311,1
4904,361,8
4905,95,6
4906,321,0
4907,143,6
4908,396,8
4909,400,7
4910,313,5
4911,474,3
4912,269,1
4913,13,0
4914,304,3
4915,389,6
4916,51,0
4917,53,10
4918,137,6
4919,423,3
4920,264,10
4921,489,2
4922,437,10
4923,278,3
4924,340,4
4925,166,4
4926,46,10
4927,200,2
4928,297,10
4929,92,3
4930,111,3
4931,8,7
4932,368,7
4933,450,3
4934,414,1
4935,190,4
4936,297,5
4937,481,0
4938,296,0
4939,148,10
4940,170,0
4941,364,4
4942,224,8
4943,419,3
4944,433,5
4945,18,0
4946,362,8
4947,185,6
4948,260,9
4949,133,9
4950,185,3
4951,166,0
4952,26,3
4953,392,1
4954,72,5
4955,188,1
4956,97,10
4957,81,6
4958,187,2
4959,460,10
4960,473,8
4961,191,4
4962,253,1
4963,493,3
4964,118,6
4965,473,8
4966,53,2
4967,0,0
4968,170,3
4969,0,0
4970,408,4
4971,428,1
4972,192,4
4973,0,0
4974,387,3
4975,401,8
4976,402,3
4977,287,7
4978,56,7
4979,462,7
4980,305,2
4981,451,9
4982,480,2
4983,94,3
4984,202,9
4985,97,3
4986,0,0
4987,484,0
4988,462,6
4989,466,9
4990,442,7
4991,325,6
4992,262,9
4993,496,3
4994,277,4
4995,322,0
4996,106,7
4997,374,7
4998,410,8
4999,340,8
5000,250,1
5001,99,7
5002,17,8
5003,314,2
5004,342,5
5005,387,10
5006,476,4
5007,249,8
5008,415,5
5009,0,0
5010,139,6
5011,423,7
5012,27,8
5013,300,9
5014,471,3
5015,330,10
5016,469,6
5017,29,6
5018,267,3
5019,0,0
5020,322,7
5021,441,4
5022,232,3
5023,342,9
5024,210,4
5025,437,7
5026,60,0
5027,128,0
5028,0,0
5029,352,1
5030,117,8
5031,159,9
5032,419,5
5033,181,9
5034,73,4
5035,11,10
5036,114,2
5037,458,4
5038,275,4
5039,498,8
5040,108,0
5041,176,9
5042,82,0
5043,200,3
5044,282,6
5045,405,1
5046,185,5
5047,386,10
5048,314,9
5049,146,0
5050,457,6
5051,218,6
5052,76,0
5053,482,7
5054,457,5
5055,25,7
5056,452,3
5057,474,2
5058,415,8
5059,128,7
5060,316,1
5061,270,2
5062,311,6
5063,0,0
5064,320,2
5065,0,0
5066,346,8
5067,264,7
5068,9,9
5069,18,8
5070,480,10
5071,455,2
5072,293,2
5073,88,2
5074,391,0
5075,72,8
5076,189,7
5077,165,0
5078,7,2
5079,404,2
5080,255,4
5081,159,5
5082,254,3
5083,1,10
5084,219,2
5085,260,6
5086,170,4
5087,416,4
5088,125,9
5089,69,10
5090,264,0
5091,444,5
5092,188,1
5093,24,4
5094,485,6
5095,223,4
5096,87,3
5097,0,0
5098,160,3
5099,469,3
5100,147,4
5101,276,7
5102,272,1
5103,122,0
5104,250,5
5105,55,7
5106,322,2
5107,380,2
5108,476,6
5109,163,4
5110,143,8
5111,275,1
5112,347,1
5113,0,0
5114,13,4
5115,120,8
5116,132,5
5117,128,3
5118,232,1
5119,437,1
5120,16,8
5121,408,2
5122,309,5
5123,308,8
5124,340,9
5125,58,2
5126,374,1
5127,125,8
5128,259,7
5129,339,3
5130,0,0
5131,162,2
5132,199,7
5133,239,8
5134,21,3
5135,364,5
5136,50,3
5137,230,0
5138,328,1
5139,41,10
5140,498,5
5141,189,1
5142,8,0
5143,330,3
5144,279,10
5145,321,4
5146,376,10
5147,0,0
5148,414,8
5149,186,8
5150,273,0
5151,80,0
5152,310,10
5153,131,10
5154,349,1
5155,401,7
5156,430,10
5157,465,10
5158,62,3
5159,69,8
5160,0,0
5161,191,10
5162,0,0
5163,144,6
5164,419,0
5165,178,3
5166,39,0
5167,362,4
5168,98,8
5169,177,7
5170,2,3
5171,301,4
5172,223,4
5173,434,8
5174,168,2
5175,103,1
5176,83,5
5177,101,9
5178,226,5
5179,44,2
5180,202,0
